/*
THONG TIN NHOM
LOP: ATBMTT_11
MA NHOM: 9
    1712889 _ Le Thi Thanh Tuyen
    1712890 _ Nguyen Thi Thanh Tuyen
    1712895 _ Tran Thi Diem Uyen
    1712896 _ Pham Thi Cam Van
    1712926 _ Luong Tuong Vy
*/

--Nguoi thuc hien: 1712926_Luong Tuong Vy
BEGIN
   EXECUTE IMMEDIATE 'ALTER TABLE PHONGBAN DROP CONSTRAINT FK_PHONGBAN_NHANVIEN';
   EXECUTE IMMEDIATE 'ALTER TABLE NHANVIEN DROP CONSTRAINT FK_NHANVIEN_PHONGBAN';
   EXECUTE IMMEDIATE 'ALTER TABLE BACSI DROP CONSTRAINT FK_BACSI_NHANVIEN';
   EXECUTE IMMEDIATE 'ALTER TABLE PHUCAP DROP CONSTRAINT FK_PHUCAP_NHANVIEN';
   EXECUTE IMMEDIATE 'ALTER TABLE CHAMCONG DROP CONSTRAINT FK_CHAMCONG_NHANVIEN';
   EXECUTE IMMEDIATE 'ALTER TABLE LICHTRUC DROP CONSTRAINT FK_LICHTRUC_BACSI';
   EXECUTE IMMEDIATE 'ALTER TABLE LICHTRUC DROP CONSTRAINT FK_LICHTRUC_PHONG';
   EXECUTE IMMEDIATE 'ALTER TABLE THUTUC DROP CONSTRAINT FK_THUTUC_PHONG';
   EXECUTE IMMEDIATE 'ALTER TABLE CHITIETTHUTUC DROP CONSTRAINT FK_CHITIETTHUTUC_THUTUC';
   EXECUTE IMMEDIATE 'ALTER TABLE CHITIETTHUTUC DROP CONSTRAINT FK_CHITIETTHUTUC_BENHAN';
   EXECUTE IMMEDIATE 'ALTER TABLE CHITIETTHUOCDIEUTRI DROP CONSTRAINT FK_CHITIETTHUOCDIEUTRI_THUOC';
   EXECUTE IMMEDIATE 'ALTER TABLE CHITIETTHUOCDIEUTRI DROP CONSTRAINT FK_CHITIETTHUOCDIEUTRI_TOATHUOC';
   EXECUTE IMMEDIATE 'ALTER TABLE TOATHUOC DROP CONSTRAINT FK_TOATHUOC_BENHAN';
   EXECUTE IMMEDIATE 'ALTER TABLE BENHAN DROP CONSTRAINT FK_BENHAN_BACSI';
   EXECUTE IMMEDIATE 'ALTER TABLE BENHAN DROP CONSTRAINT FK_BENHAN_BENHNHAN';
   EXECUTE IMMEDIATE 'ALTER TABLE HOADON DROP CONSTRAINT FK_HOADON_BENHAN';
   EXECUTE IMMEDIATE 'ALTER TABLE HOADON DROP CONSTRAINT FK_HOADON_NHANVIEN';
   EXECUTE IMMEDIATE 'ALTER TABLE USER_NV DROP CONSTRAINT FK_USER_NV_NHANVIEN';
   EXECUTE IMMEDIATE 'ALTER TABLE LUONG DROP CONSTRAINT FK_LUONG_NHANVIEN';
   EXECUTE IMMEDIATE 'DROP TABLE PHUCAP CASCADE CONSTRAINTS';
   EXECUTE IMMEDIATE 'DROP TABLE CHAMCONG CASCADE CONSTRAINTS';
   EXECUTE IMMEDIATE 'DROP TABLE LICHTRUC CASCADE CONSTRAINTS';
   EXECUTE IMMEDIATE 'DROP TABLE CHITIETTHUTUC CASCADE CONSTRAINTS';
   EXECUTE IMMEDIATE 'DROP TABLE BENHAN CASCADE CONSTRAINTS';
   EXECUTE IMMEDIATE 'DROP TABLE CHITIETTHUOCDIEUTRI CASCADE CONSTRAINTS';
   EXECUTE IMMEDIATE 'DROP TABLE HOADON CASCADE CONSTRAINTS';
   EXECUTE IMMEDIATE 'DROP TABLE THUTUC CASCADE CONSTRAINTS';
   EXECUTE IMMEDIATE 'DROP TABLE THUOC CASCADE CONSTRAINTS';
   EXECUTE IMMEDIATE 'DROP TABLE TOATHUOC CASCADE CONSTRAINTS';
   EXECUTE IMMEDIATE 'DROP TABLE PHONG CASCADE CONSTRAINTS';
   EXECUTE IMMEDIATE 'DROP TABLE BACSI CASCADE CONSTRAINTS';
   EXECUTE IMMEDIATE 'DROP TABLE BENHNHAN CASCADE CONSTRAINTS';
   EXECUTE IMMEDIATE 'DROP TABLE NHANVIEN CASCADE CONSTRAINTS';
   EXECUTE IMMEDIATE 'DROP TABLE PHONGBAN CASCADE CONSTRAINTS';
   EXECUTE IMMEDIATE 'DROP TABLE USER_NV CASCADE CONSTRAINTS';
   EXECUTE IMMEDIATE 'DROP TABLE LUONG CASCADE CONSTRAINTS';
EXCEPTION WHEN OTHERS THEN NULL;
END;
/

--Nguoi thuc hien: 1712889_Le Thi Thanh Tuyen
CREATE TABLE PHONGBAN
(
    MAPHONGBAN INT,
    TENPHONGBAN NVARCHAR2(50),
    TRUONGPHONGBAN INT,
    PRIMARY KEY (MAPHONGBAN)
);

CREATE TABLE NHANVIEN
(
    MANV INT,
    TENNV NVARCHAR2(40),
    LOAINV NVARCHAR2(40),
    MAPHONGBAN INT,
    NGAYSINH DATE,
    PRIMARY KEY (MANV)
);

CREATE TABLE LUONG
(
    MANV INT,
    NGAYBD DATE,
    LUONG FLOAT,
    PRIMARY KEY (MANV, NGAYBD)
);

CREATE TABLE BACSI
(
    MANV INT,
    CHUYENNGANH NVARCHAR2(40),
    HOCVI NVARCHAR2(30),
    KINHNGHIEM NVARCHAR2(30),
    PRIMARY KEY (MANV)
);

CREATE TABLE PHUCAP
(
    MANV INT,
    NGAYBATDAU DATE,
    NGAYHETHAN DATE,
    PHUCAP FLOAT,
    PRIMARY KEY(MANV,NGAYBATDAU)
);

CREATE TABLE CHAMCONG
(
    MANV INT,
    NGAYNGHI DATE,
    LYDO NVARCHAR2(50),
    PHEP NVARCHAR2(30),
    PRIMARY KEY (MANV,NGAYNGHI)
);
CREATE TABLE LICHTRUC
(
    MAPHONG INT,
    MABACSI INT,
    THOIGIANTRUC DATE,
    PRIMARY KEY(MAPHONG,MABACSI,THOIGIANTRUC)
);

CREATE TABLE PHONG
(
    MAPHONG INT,
    DIACHIPHONG NVARCHAR2(30),
    PRIMARY KEY (MAPHONG)
);

CREATE TABLE BENHNHAN
(
    MABENHNHAN INT,
    HOTEN NVARCHAR2(40),
    DIACHI NVARCHAR2(50),
    SDT NVARCHAR2(10),
    NGAYSINH DATE,
    NGHENGHIEP NVARCHAR2(30),
    GIOITINH NVARCHAR2(10),
    PRIMARY KEY (MABENHNHAN)
);

CREATE TABLE THUTUC
(
    MATHUTUC INT,
    MAPHONG INT,
    TENTHUTUC NVARCHAR2(50),
    DONGIA FLOAT,
    PRIMARY KEY (MATHUTUC)
);

CREATE TABLE CHITIETTHUTUC
(
    MACHITIETTT INT,
    MATHUTUC INT,
    MABENHAN INT,
    SOTIEN FLOAT,
    PRIMARY KEY(MACHITIETTT)
);

CREATE TABLE BENHAN
(
    MABENHAN INT,
    MABACSI INT,
    MABENHNHAN INT,
    CHANDOAN NVARCHAR2(100),
    NGAYKHAM DATE,
    NGAYTAIKHAM DATE,
    PRIMARY KEY(MABENHAN)
);

CREATE TABLE THUOC 
(
    MATHUOC INT,
    TENTHUOC NVARCHAR2(50),
    SOLUONG INT,
    CONGDUNG NVARCHAR2(100),
    HANSUDUNG DATE,
    NGAYSANXUAT DATE,
    DONGIA FLOAT,
    XUATXU NVARCHAR2(50),
    PRIMARY KEY(MATHUOC)
);

CREATE TABLE TOATHUOC
(
    MATOATHUOC INT,
    MABENHAN INT,
    TONGTIEN FLOAT,
    PRIMARY KEY(MATOATHUOC)
);

CREATE TABLE CHITIETTHUOCDIEUTRI
(
    MATOATHUOC INT,
    MATHUOC INT,
    SOLUONG INT,
    DONGIA FLOAT,
    TONGTIEN FLOAT,
    PRIMARY KEY(MATOATHUOC, MATHUOC)
);

CREATE TABLE HOADON
(
    MAHOADON INT,
    MABENHAN INT,
    TONGTIEN FLOAT,
    MANVPTV INT,
    PRIMARY KEY (MAHOADON)
);

CREATE TABLE USER_NV
(
	USERNAME INT,
	MATKHAU VARCHAR(30),
	LOAITAIKHOAN VARCHAR(50),
	PRIMARY KEY (USERNAME)
);

--TAO KHOA NGOAI
ALTER TABLE PHONGBAN ADD CONSTRAINT FK_PHONGBAN_NHANVIEN FOREIGN KEY(TRUONGPHONGBAN) REFERENCES NHANVIEN(MANV);

ALTER TABLE NHANVIEN ADD CONSTRAINT FK_NHANVIEN_PHONGBAN  FOREIGN KEY(MAPHONGBAN) REFERENCES PHONGBAN(MAPHONGBAN);

ALTER TABLE LUONG ADD CONSTRAINT FK_LUONG_NHANVIEN  FOREIGN KEY(MANV) REFERENCES NHANVIEN(MANV);

ALTER TABLE BACSI ADD CONSTRAINT FK_BACSI_NHANVIEN  FOREIGN KEY(MANV) REFERENCES NHANVIEN(MANV);

ALTER TABLE PHUCAP ADD CONSTRAINT FK_PHUCAP_NHANVIEN  FOREIGN KEY(MANV) REFERENCES NHANVIEN(MANV);

ALTER TABLE CHAMCONG ADD CONSTRAINT FK_CHAMCONG_NHANVIEN  FOREIGN KEY(MANV) REFERENCES NHANVIEN(MANV);

ALTER TABLE LICHTRUC ADD CONSTRAINT FK_LICHTRUC_BACSI  FOREIGN KEY(MABACSI) REFERENCES BACSI(MANV);
ALTER TABLE LICHTRUC ADD CONSTRAINT FK_LICHTRUC_PHONG  FOREIGN KEY(MAPHONG) REFERENCES PHONG(MAPHONG);

ALTER TABLE THUTUC ADD CONSTRAINT FK_THUTUC_PHONG  FOREIGN KEY(MAPHONG) REFERENCES PHONG(MAPHONG);

ALTER TABLE CHITIETTHUTUC ADD CONSTRAINT FK_CHITIETTHUTUC_THUTUC  FOREIGN KEY(MATHUTUC) REFERENCES THUTUC(MATHUTUC);
ALTER TABLE CHITIETTHUTUC ADD CONSTRAINT FK_CHITIETTHUTUC_BENHAN  FOREIGN KEY(MABENHAN) REFERENCES BENHAN(MABENHAN);

ALTER TABLE CHITIETTHUOCDIEUTRI ADD CONSTRAINT FK_CHITIETTHUOCDIEUTRI_THUOC FOREIGN KEY(MATHUOC) REFERENCES THUOC(MATHUOC);
ALTER TABLE CHITIETTHUOCDIEUTRI ADD CONSTRAINT FK_CHITIETTHUOCDIEUTRI_TOATHUOC  FOREIGN KEY(MATOATHUOC) REFERENCES TOATHUOC(MATOATHUOC);

ALTER TABLE TOATHUOC ADD CONSTRAINT FK_TOATHUOC_BENHAN  FOREIGN KEY(MABENHAN) REFERENCES BENHAN(MABENHAN);

ALTER TABLE BENHAN  ADD CONSTRAINT FK_BENHAN_BACSI  FOREIGN KEY(MABACSI) REFERENCES BACSI(MANV);
ALTER TABLE BENHAN ADD CONSTRAINT FK_BENHAN_BENHNHAN  FOREIGN KEY(MABENHNHAN) REFERENCES BENHNHAN(MABENHNHAN);

ALTER TABLE HOADON ADD CONSTRAINT FK_HOADON_BENHAN  FOREIGN KEY(MABENHAN) REFERENCES BENHAN(MABENHAN);
ALTER TABLE HOADON ADD CONSTRAINT FK_HOADON_NHANVIEN  FOREIGN KEY(MANVPTV) REFERENCES NHANVIEN(MANV);

ALTER TABLE USER_NV ADD CONSTRAINT FK_USER_NV_NHANVIEN  FOREIGN KEY(USERNAME) REFERENCES NHANVIEN(MANV);

--Nguoi thuc hien: 1712889_Le Thi Thanh Tuyen + 1712895 _ Tran Thi Diem Uyen + 1712926_Luong Tuong Vy
--INSERT DATA
---TABLE PHONGBAN
INSERT INTO PHONGBAN VALUES (1001,'Quan ly',NULL);
INSERT INTO PHONGBAN VALUES (1002,'Bo phan tiep tan va dieu phoi benh',NULL);
INSERT INTO PHONGBAN VALUES (1003,'Phong tai vu',NULL);
INSERT INTO PHONGBAN VALUES (1004,'Bo phan ban thuoc',NULL);
INSERT INTO PHONGBAN VALUES (1005,'Bo phan ke toan',NULL);
INSERT INTO PHONGBAN VALUES (1006,'Bac si dieu tri',NULL);

---TABLE NHANVIEN
INSERT INTO NHANVIEN VALUES (1000,'Nguyen Kim','Giam Doc',NULL,TO_DATE('10/12/1968','mm-dd-yyyy'));
INSERT INTO NHANVIEN VALUES (1001,'Le Van Hanh','Bac Si',1006,TO_DATE('8/2/1973','mm-dd-yyyy'));
INSERT INTO NHANVIEN VALUES (1002,'Ly Kim Ngan','Bac Si',1006,TO_DATE('1/19/1972','mm-dd-yyyy'));
INSERT INTO NHANVIEN VALUES (1003,'Tran Van Thu','Bac Si',1006,TO_DATE('3/21/1975','mm-dd-yyyy'));
INSERT INTO NHANVIEN VALUES (1004,'Ly Kim Ngan','Bac Si',1006,TO_DATE('4/12/1970','mm-dd-yyyy'));
INSERT INTO NHANVIEN VALUES (1005,'Le Van Bien','Bac Si',1006,TO_DATE('7/29/1963','mm-dd-yyyy'));
INSERT INTO NHANVIEN VALUES (1006,'Ly Kim Hong','Bac Si',1006,TO_DATE('1/8/1968','mm-dd-yyyy'));
INSERT INTO NHANVIEN VALUES (1007,'Nguyen Thi Hong','Quan ly tai nguyen va nhan su',1001,TO_DATE('9/4/1967','mm-dd-yyyy'));
INSERT INTO NHANVIEN VALUES (1008,'Nguyen Van Linh','Quan ly tai vu',1001,TO_DATE('4/21/1990','mm-dd-yyyy'));
INSERT INTO NHANVIEN VALUES (1009,'Le My Cuong','Quan ly chuyen mon',1001,TO_DATE('6/24/1991','mm-dd-yyyy'));
INSERT INTO NHANVIEN VALUES (1010,'Nguyen Van Tram','Bac Si',1006,TO_DATE('2/16/1997','mm-dd-yyyy'));
INSERT INTO NHANVIEN VALUES (1011,'Tran Thi Chinh','Ke Toan',1005,TO_DATE('5/16/1995','mm-dd-yyyy'));
INSERT INTO NHANVIEN VALUES (1012,'Tran Le Nguyen','NV Tai Vu',1003,TO_DATE('1/18/1969','mm-dd-yyyy'));
INSERT INTO NHANVIEN VALUES (1013,'Nguyen Minh Duong','Tiep Tan',1002,TO_DATE('5/15/1970','mm-dd-yyyy'));
INSERT INTO NHANVIEN VALUES (1014,'Pham The Ki','Tiep Tan',1002,TO_DATE('7/27/1971','mm-dd-yyyy'));
INSERT INTO NHANVIEN VALUES (1015,'Tran Van Linh','Quan Ly Tai Vu',1001,TO_DATE('9/28/1972','mm-dd-yyyy'));
INSERT INTO NHANVIEN VALUES (1016,'Le Tran Pham','NV Ban Thuoc',1004,TO_DATE('1/22/1975','mm-dd-yyyy'));
INSERT INTO NHANVIEN VALUES (1017,'Pham Minh Anh','Ke Toan',1005,TO_DATE('6/25/1965','mm-dd-yyyy'));
INSERT INTO NHANVIEN VALUES (1018,'Ly Cao Bang','Quan Ly Chuyen Mon',1001,TO_DATE('8/18/1995','mm-dd-yyyy'));
INSERT INTO NHANVIEN VALUES (1019,'Le Van Ba','NV Ban Thuoc',1004,TO_DATE('9/16/1997','mm-dd-yyyy'));
INSERT INTO NHANVIEN VALUES (1020,'Nguyen Hai Duy','NV Tai Vu',1003,TO_DATE('1/26/1970','mm-dd-yyyy'));
INSERT INTO NHANVIEN VALUES (1021,'Nguyen Thanh Hang','Quan ly tai nguyen va nhan su',1001,TO_DATE('1/02/1971','mm-dd-yyyy'));
INSERT INTO NHANVIEN VALUES (1022,'Tran Thanh Tam','Tiep Tan',1002,TO_DATE('12/12/1967','mm-dd-yyyy'));
INSERT INTO NHANVIEN VALUES (1023,'Tran Minh Anh','Tiep Tan',1002,TO_DATE('12/12/1975','mm-dd-yyyy'));
INSERT INTO NHANVIEN VALUES (1024,'Tran Anh Lin','Quan ly tai vu',1001,TO_DATE('12/25/1971','mm-dd-yyyy'));
INSERT INTO NHANVIEN VALUES (1025,'Nguyen Thanh Tuan','Quan ly tai vu',1001,TO_DATE('12/23/1972','mm-dd-yyyy'));
INSERT INTO NHANVIEN VALUES (1026,'Tran Anh Lin','NV Tai Vu',1003,TO_DATE('01/05/1971','mm-dd-yyyy'));
INSERT INTO NHANVIEN VALUES (1027,'Nguyen Thanh Tuan','NV Tai Vu',1003,TO_DATE('02/03/1988','mm-dd-yyyy'));
INSERT INTO NHANVIEN VALUES (1028,'Le Van Thanh','NV Ban Thuoc',1004,TO_DATE('9/26/1999','mm-dd-yyyy'));
INSERT INTO NHANVIEN VALUES (1029,'Ly Tan Thien','NV Ban Thuoc',1004,TO_DATE('10/16/1967','mm-dd-yyyy'));
INSERT INTO NHANVIEN VALUES (1030,'Tran Minh Anh','Ke Toan',1005,TO_DATE('5/26/1995','mm-dd-yyyy'));
INSERT INTO NHANVIEN VALUES (1031,'Tran Linh Chinh','Ke Toan',1005,TO_DATE('01/16/1995','mm-dd-yyyy'));


---TABLE LUONG
INSERT INTO LUONG VALUES (1000,TO_DATE('10/12/2020','mm-dd-yyyy'),50000000);
INSERT INTO LUONG VALUES (1001,TO_DATE('8/2/2020','mm-dd-yyyy'),20000000);
INSERT INTO LUONG VALUES (1002,TO_DATE('1/19/2020','mm-dd-yyyy'),25000000);
INSERT INTO LUONG VALUES (1003,TO_DATE('3/21/2020','mm-dd-yyyy'),23000000);
INSERT INTO LUONG VALUES (1004,TO_DATE('4/12/2020','mm-dd-yyyy'),21000000);
INSERT INTO LUONG VALUES (1005,TO_DATE('7/29/2020','mm-dd-yyyy'),15000000);
INSERT INTO LUONG VALUES (1006,TO_DATE('1/8/2020','mm-dd-yyyy'),17000000);
INSERT INTO LUONG VALUES (1007,TO_DATE('9/4/2020','mm-dd-yyyy'),22000000);
INSERT INTO LUONG VALUES (1008,TO_DATE('4/21/2020','mm-dd-yyyy'),21000000);
INSERT INTO LUONG VALUES (1009,TO_DATE('6/24/2020','mm-dd-yyyy'),11000000);
INSERT INTO LUONG VALUES (1010,TO_DATE('2/16/2020','mm-dd-yyyy'),17000000);
INSERT INTO LUONG VALUES (1011,TO_DATE('5/16/2020','mm-dd-yyyy'),30000000);
INSERT INTO LUONG VALUES (1012,TO_DATE('1/18/2020','mm-dd-yyyy'),14000000);
INSERT INTO LUONG VALUES (1013,TO_DATE('5/15/2020','mm-dd-yyyy'),16000000);
INSERT INTO LUONG VALUES (1014,TO_DATE('7/27/2020','mm-dd-yyyy'),11000000);
INSERT INTO LUONG VALUES (1015,TO_DATE('9/28/2020','mm-dd-yyyy'),13000000);
INSERT INTO LUONG VALUES (1016,TO_DATE('1/22/2020','mm-dd-yyyy'),10000000);
INSERT INTO LUONG VALUES (1017,TO_DATE('6/25/2020','mm-dd-yyyy'),7000000);
INSERT INTO LUONG VALUES (1018,TO_DATE('8/18/2020','mm-dd-yyyy'),8000000);
INSERT INTO LUONG VALUES (1019,TO_DATE('9/16/2020','mm-dd-yyyy'),9000000);
INSERT INTO LUONG VALUES (1020,TO_DATE('1/26/2020','mm-dd-yyyy'),17000000);
INSERT INTO LUONG VALUES (1021,TO_DATE('1/02/2020','mm-dd-yyyy'),18000000);
INSERT INTO LUONG VALUES (1022,TO_DATE('12/12/2020','mm-dd-yyyy'),16000000);
INSERT INTO LUONG VALUES (1023,TO_DATE('12/12/2020','mm-dd-yyyy'),12000000);
INSERT INTO LUONG VALUES (1024,TO_DATE('12/25/2020','mm-dd-yyyy'),17000000);
INSERT INTO LUONG VALUES (1025,TO_DATE('12/23/2020','mm-dd-yyyy'),10000000);
INSERT INTO LUONG VALUES (1026,TO_DATE('01/05/2020','mm-dd-yyyy'),12000000);
INSERT INTO LUONG VALUES (1027,TO_DATE('02/03/2020','mm-dd-yyyy'),19000000);
INSERT INTO LUONG VALUES (1028,TO_DATE('9/26/2020','mm-dd-yyyy'),9000000);
INSERT INTO LUONG VALUES (1029,TO_DATE('10/16/2020','mm-dd-yyyy'),12000000);
INSERT INTO LUONG VALUES (1030,TO_DATE('5/26/2020','mm-dd-yyyy'),31000000);
INSERT INTO LUONG VALUES (1031,TO_DATE('01/16/2020','mm-dd-yyyy'),13000000);

---UPDATE TRUONGPHONGBAN
UPDATE PHONGBAN SET TRUONGPHONGBAN =1007 WHERE MAPHONGBAN = 1001;
UPDATE PHONGBAN SET TRUONGPHONGBAN =1014 WHERE MAPHONGBAN = 1002;
UPDATE PHONGBAN SET TRUONGPHONGBAN =1020 WHERE MAPHONGBAN = 1003;
UPDATE PHONGBAN SET TRUONGPHONGBAN =1016 WHERE MAPHONGBAN = 1004;
UPDATE PHONGBAN SET TRUONGPHONGBAN =1017 WHERE MAPHONGBAN = 1005;
UPDATE PHONGBAN SET TRUONGPHONGBAN =1003 WHERE MAPHONGBAN = 1006;

---TABLE BACSI
INSERT INTO BACSI VALUES (1001,'Rang Ham Mat','Thac Si','10 nam');
INSERT INTO BACSI VALUES (1002,'Tim Mach','Tien Si','3 nam ');
INSERT INTO BACSI VALUES (1003,'Da Lieu','Giao su','2 nam ');
INSERT INTO BACSI VALUES (1004,'Phu Khoa','Pho Giao Su','9 nam ');
INSERT INTO BACSI VALUES (1005,'Hoi Xuc- Cap Cuu','Thac Si','7 nam ');
INSERT INTO BACSI VALUES (1006,'Phuc Hoi Chuc Nang','Giao Su','6 nam ');
INSERT INTO BACSI VALUES (1007,'Ho Hap','Pho Giao Su','2 nam');
INSERT INTO BACSI VALUES (1008,'Gay Me','Thac Si','1 nam ');
INSERT INTO BACSI VALUES (1009,'Tai Mui Hong','Tien Si','3 nam');
INSERT INTO BACSI VALUES (1010,'Tim Mach','Thac Si','2 nam');

---TABLE BENHNHAN
INSERT INTO BENHNHAN VALUES (1001,'Tran Van Liem ','Quan5, TP HCM','0933252169',TO_DATE('1/29/1999','mm-dd-yyyy'),'Sinh Vien','Nam');
INSERT INTO BENHNHAN VALUES (1002,'Tran Thi Nhien ','Quan1, TP HCM','0933212369',TO_DATE('1/21/1995','mm-dd-yyyy'),'Giao Vien','Nu');
INSERT INTO BENHNHAN VALUES (1003,'Ly Van Thanh ','La Nga, Dong Nai','0912252123',TO_DATE('5/18/2000','mm-dd-yyyy'),'Hoc Sinh','Nam');
INSERT INTO BENHNHAN VALUES (1004,'Nguyen Kim Ha ','Quan 7, TP HCM','0933252125',TO_DATE('1/12/2002','mm-dd-yyyy'),'Hoc Sinh','Nu');
INSERT INTO BENHNHAN VALUES (1005,'Nguyen Y Lan ','Quan3, TP HCM','0933252272',TO_DATE('1/9/1987','mm-dd-yyyy'),'Noi Tro','Nu');
INSERT INTO BENHNHAN VALUES (1006,'Tran Nguyen Minh ','Da Nang','0933252233',TO_DATE('1/29/1991', 'mm-dd-yyyy'),'Tho Ho','Nam');
INSERT INTO BENHNHAN VALUES (1007,'Tran Van Liem ','Quan5, TP HCM','0933252169',TO_DATE('1/29/1999','mm-dd-yyyy'),'Sinh Vien','Nam');
INSERT INTO BENHNHAN VALUES (1008,'Tran Kim Ly ','Quan10, TP HCM','0933252145',TO_DATE('1/29/1998','mm-dd-yyyy'),'Sinh Vien','Nu');
INSERT INTO BENHNHAN VALUES (1009,'Le Van Liem ','Quan3, TP HCM','0933252765',TO_DATE('1/29/1990','mm-dd-yyyy'),'Ky Su Cau Duong','Nam');
INSERT INTO BENHNHAN VALUES (1010,'Lieu Thi Dao ','Quan2, TP HCM','0933252345',TO_DATE('1/29/1990','mm-dd-yyyy'),'Noi TRo','Nu');

---TABLE PHONG
INSERT INTO PHONG VALUES (1001,'Phong A001');
INSERT INTO PHONG VALUES (1002,'Phong A002');
INSERT INTO PHONG VALUES (1003,'Phong A003');
INSERT INTO PHONG VALUES (1004,'Phong A004');
INSERT INTO PHONG VALUES (1005,'Phong B101');
INSERT INTO PHONG VALUES (1006,'Phong B102');
INSERT INTO PHONG VALUES (1007,'Phong B103');
INSERT INTO PHONG VALUES (1008,'Phong B104');
INSERT INTO PHONG VALUES (1009,'Phong C201');
INSERT INTO PHONG VALUES (1010,'Phong C202');
INSERT INTO PHONG VALUES (1011,'Phong C203');
INSERT INTO PHONG VALUES (1012,'Phong C204');
INSERT INTO PHONG VALUES (1013,'Phong C205');
INSERT INTO PHONG VALUES (1014,'Phong C206');
INSERT INTO PHONG VALUES (1015,'Phong C207');

---TABLE BENHAN
INSERT INTO BENHAN VALUES (1001,1001,1001,'Viem Tai Giua',TO_DATE('29/01/2020','DD/MM/YYYY'),TO_DATE('29/02/2020','DD/MM/YYYY'));
INSERT INTO BENHAN VALUES (1002,1002,1002,'Dau Hong',TO_DATE('02/11/2020','DD/MM/YYYY'),TO_DATE('16/11/2020','DD/MM/YYYY'));
INSERT INTO BENHAN VALUES (1003,1003,1003,'Dau Da Day',TO_DATE('02/01/2020','DD/MM/YYYY'),TO_DATE('02/02/2020','DD/MM/YYYY'));
INSERT INTO BENHAN VALUES (1004,1004,1004,'Tram Cam',TO_DATE('20/01/2020','DD/MM/YYYY'),TO_DATE('30/01/2020','DD/MM/YYYY'));
INSERT INTO BENHAN VALUES (1005,1005,1005,'Viem Tai Giua',TO_DATE('29/01/2020','DD/MM/YYYY'),TO_DATE('29/02/2020','DD/MM/YYYY'));
INSERT INTO BENHAN VALUES (1006,1006,1006,'Viem Da Di Ung',TO_DATE('02/05/2020','DD/MM/YYYY'),TO_DATE('22/05/2020','DD/MM/YYYY'));
INSERT INTO BENHAN VALUES (1007,1007,1007,'Thung Mang Nhi',TO_DATE('29/07/2020','DD/MM/YYYY'),TO_DATE('29/08/2020','DD/MM/YYYY'));
INSERT INTO BENHAN VALUES (1008,1008,1008,'Viem Hong',TO_DATE('29/09/2020','DD/MM/YYYY'),TO_DATE('29/10/2020','DD/MM/YYYY'));
INSERT INTO BENHAN VALUES (1009,1009,1009,'Sot Sieu Vi',TO_DATE('16/03/2020','DD/MM/YYYY'),TO_DATE('16/04/2020','DD/MM/YYYY'));
INSERT INTO BENHAN VALUES (1010,1010,1010,'Viem Nuou',TO_DATE('29/01/2020','DD/MM/YYYY'),TO_DATE('29/01/2020','DD/MM/YYYY'));

---TABLE THUTUC
INSERT INTO THUTUC VALUES (1001,1011,'Xet nghiem mau',150000);
INSERT INTO THUTUC VALUES (1002,1012,'Chup hinh XQuang',150000);
INSERT INTO THUTUC VALUES (1003,1013,'Chup hinh CT',2300000);
INSERT INTO THUTUC VALUES (1004,1014,'Chup hinh MRI',2000000);
INSERT INTO THUTUC VALUES (1005,1015,'Tiem ngua',150000);

---TABLE THUOC
INSERT INTO THUOC VALUES (1001,'Aspirin',2000,'Giam dau, ha nhiet, chong viem',TO_DATE('02-05-2025','mm-dd-yyyy'),TO_DATE('02-05-2020','mm-dd-yyyy'),300,'Viet Nam');
INSERT INTO THUOC VALUES (1002,'Tetracylin',1500,'Giam viem',TO_DATE('6-7-2025','mm-dd-yyyy'),TO_DATE('6-7-2020','mm-dd-yyyy'),400,'Viet Nam');
INSERT INTO THUOC VALUES (1003,'Paracetamol',1000,'Giam dau, ha sot',TO_DATE('3-12-2025','mm-dd-yyyy'),TO_DATE('3-12-2020', 'mm-dd-yyyy'),650,'Viet Nam');
INSERT INTO THUOC VALUES (1004,'Histamin',1000,'Dieu tri phat ban, ngua, di ung',TO_DATE('5-2-2025','mm-dd-yyyy'),TO_DATE('5-2-2020','mm-dd-yyyy'),300,'Viet Nam');
INSERT INTO THUOC VALUES (1005,'Magnesium antacid',1000,'Dieu tri viem loet da day',TO_DATE('2-14-2025','mm-dd-yyyy'),TO_DATE('2-14-2020','mm-dd-yyyy'),450,'My');
INSERT INTO THUOC VALUES (1006,'Bong bang',100,'Bao ve vet thuong',TO_DATE('2-14-2025','mm-dd-yyyy'),TO_DATE('2-14-2020','mm-dd-yyyy'),200,'Viet Nam');
INSERT INTO THUOC VALUES (1007,'Oxi Gia',100,'Sat trung vet thuong',TO_DATE('5-2-2025','mm-dd-yyyy'),TO_DATE('5-2-2020','mm-dd-yyyy'),3000,'Viet Nam');
INSERT INTO THUOC VALUES (1008,'Bang keo ca nhan',1000,'Bao ve vet thuong',TO_DATE('7-2-2025','mm-dd-yyyy'),TO_DATE('7-2-2020','mm-dd-yyyy'),500,'Viet Nam');
INSERT INTO THUOC VALUES (1009,'Nhiet ke',100,'Do than nhiet',TO_DATE('5-2-2025','mm-dd-yyyy'),TO_DATE('5-2-2020','mm-dd-yyyy'),9000,'Viet Nam');
INSERT INTO THUOC VALUES (1010,'Nuoc muoi sinh ly',50,'Sat trung vet thuong',TO_DATE('3-12-2025','mm-dd-yyyy'),TO_DATE('3-12-2020','mm-dd-yyyy'),3000,'Viet Nam');


---TABLE TOATHUOC
INSERT INTO TOATHUOC VALUES (1001,1001,NULL);
INSERT INTO TOATHUOC VALUES (1002,1002,NULL);
INSERT INTO TOATHUOC VALUES (1003,1003,NULL);
INSERT INTO TOATHUOC VALUES (1004,1004,NULL);
INSERT INTO TOATHUOC VALUES (1005,1005,NULL);
INSERT INTO TOATHUOC VALUES (1006,1006,NULL);
INSERT INTO TOATHUOC VALUES (1007,1007,NULL);
INSERT INTO TOATHUOC VALUES (1008,1008,NULL);
INSERT INTO TOATHUOC VALUES (1009,1009,NULL);
INSERT INTO TOATHUOC VALUES (1010,1010,NULL);

---TABLE PHUCAP
INSERT INTO PHUCAP VALUES (1001,TO_DATE('1/29/2020','mm-dd-yyyy'),TO_DATE('2/29/2020','mm-dd-yyyy'),500000);
INSERT INTO PHUCAP VALUES (1002,TO_DATE('1/29/2020','mm-dd-yyyy'),TO_DATE('2/29/2020','mm-dd-yyyy'),250000);
INSERT INTO PHUCAP VALUES (1003,TO_DATE('1/29/2020','mm-dd-yyyy'),TO_DATE('2/29/2020','mm-dd-yyyy'),300000);
INSERT INTO PHUCAP VALUES (1004,TO_DATE('5/2/2020','mm-dd-yyyy'),TO_DATE('5/22/2020','mm-dd-yyyy'),500000);
INSERT INTO PHUCAP VALUES (1005,TO_DATE('1/29/2020','mm-dd-yyyy'),TO_DATE('2/29/2020','mm-dd-yyyy'),40000);
INSERT INTO PHUCAP VALUES (1006,TO_DATE('1/29/2020','mm-dd-yyyy'),TO_DATE('2/29/2020','mm-dd-yyyy'),360000);
INSERT INTO PHUCAP VALUES (1007,TO_DATE('5/2/2020','mm-dd-yyyy'),TO_DATE('5/22/2020','mm-dd-yyyy'),100000);
INSERT INTO PHUCAP VALUES (1008,TO_DATE('1/29/2020','mm-dd-yyyy'),TO_DATE('2/29/2020','mm-dd-yyyy'),1500000);
INSERT INTO PHUCAP VALUES (1009,TO_DATE('1/29/2020','mm-dd-yyyy'),TO_DATE('2/29/2020','mm-dd-yyyy'),600000);
INSERT INTO PHUCAP VALUES (1010,TO_DATE('1/29/2020','mm-dd-yyyy'),TO_DATE('2/29/2020','mm-dd-yyyy'),500000);

---TABLE CHAMCONG
INSERT INTO CHAMCONG VALUES (1001,TO_DATE('02/05/2020','DD/MM/YYYY'),'Benh','Co');
INSERT INTO CHAMCONG VALUES (1002,TO_DATE('02/05/2020','DD/MM/YYYY'),'Benh','Co');
INSERT INTO CHAMCONG VALUES (1003,TO_DATE('02/05/2020','DD/MM/YYYY'),'Benh','Co');
INSERT INTO CHAMCONG VALUES (1004,TO_DATE('03/06/2020','DD/MM/YYYY'),'Benh','Co');
INSERT INTO CHAMCONG VALUES (1005,TO_DATE('04/07/2020','DD/MM/YYYY'),'Benh','Co');
INSERT INTO CHAMCONG VALUES (1004,TO_DATE('04/08/2020','DD/MM/YYYY'),'Benh','Co');
INSERT INTO CHAMCONG VALUES (1001,TO_DATE('03/05/2020','DD/MM/YYYY'),'Benh','Co');
INSERT INTO CHAMCONG VALUES (1007,TO_DATE('02/05/2020','DD/MM/YYYY'),'Viec rieng','Co');
INSERT INTO CHAMCONG VALUES (1007,TO_DATE('03/05/2020','DD/MM/YYYY'),'Viec rieng','Co');
INSERT INTO CHAMCONG VALUES (1007,TO_DATE('04/05/2020','DD/MM/YYYY'),'Viec rieng','Co');

---TABLE LICHTRUC
INSERT INTO LICHTRUC VALUES (1001,1002,TO_DATE('29/02/2020','DD/MM/YYYY'));
INSERT INTO LICHTRUC VALUES (1002,1002,TO_DATE('29/03/2020','DD/MM/YYYY'));
INSERT INTO LICHTRUC VALUES (1005,1003,TO_DATE('29/02/2020','DD/MM/YYYY'));
INSERT INTO LICHTRUC VALUES (1007,1008,TO_DATE('05/08/2020','DD/MM/YYYY'));
INSERT INTO LICHTRUC VALUES (1003,1002,TO_DATE('22/11/2020','DD/MM/YYYY'));
INSERT INTO LICHTRUC VALUES (1005,1008,TO_DATE('12/02/2020','DD/MM/YYYY'));
INSERT INTO LICHTRUC VALUES (1001,1005,TO_DATE('30/03/2020','DD/MM/YYYY'));
INSERT INTO LICHTRUC VALUES (1004,1005,TO_DATE('29/02/2020','DD/MM/YYYY'));
INSERT INTO LICHTRUC VALUES (1008,1003,TO_DATE('29/01/2020','DD/MM/YYYY'));
INSERT INTO LICHTRUC VALUES (1010,1007,TO_DATE('29/01/2020','DD/MM/YYYY'));

---TABLE HOADON
INSERT INTO HOADON VALUES (1001,1001,500000,1016);
INSERT INTO HOADON VALUES (1002,1002,1200000,1016);
INSERT INTO HOADON VALUES (1003,1003,300000,1016);
INSERT INTO HOADON VALUES (1004,1004,250000,1016);
INSERT INTO HOADON VALUES (1005,1005,400000,1016);
INSERT INTO HOADON VALUES (1006,1006,900000,1016);
INSERT INTO HOADON VALUES (1007,1007,850000,1016);
INSERT INTO HOADON VALUES (1008,1008,600000,1016);
INSERT INTO HOADON VALUES (1009,1009,200000,1016);
INSERT INTO HOADON VALUES (1010,1010,2500000,1016);

---TABLE CHITIETTHUTUC
INSERT INTO CHITIETTHUTUC VALUES (1001,1001,1001,150000);
INSERT INTO CHITIETTHUTUC VALUES (1002,1002,1004,150000);
INSERT INTO CHITIETTHUTUC VALUES (1003,1003,1006,2300000);
INSERT INTO CHITIETTHUTUC VALUES (1004,1004,1007,2000000);
INSERT INTO CHITIETTHUTUC VALUES (1005,1005,1009,150000);
INSERT INTO CHITIETTHUTUC VALUES (1006,1001,1002,150000);
INSERT INTO CHITIETTHUTUC VALUES (1007,1002,1002,150000);
INSERT INTO CHITIETTHUTUC VALUES (1008,1003,1001,2300000);
INSERT INTO CHITIETTHUTUC VALUES (1009,1004,1008,2000000);
INSERT INTO CHITIETTHUTUC VALUES (1010,1005,1002,150000);

---TABLE THUOC
INSERT INTO CHITIETTHUOCDIEUTRI VALUES (1001,1002,20,NULL,NULL);
INSERT INTO CHITIETTHUOCDIEUTRI VALUES (1001,1004,20,NULL,NULL);
INSERT INTO CHITIETTHUOCDIEUTRI VALUES (1002,1002,20,NULL,NULL);
INSERT INTO CHITIETTHUOCDIEUTRI VALUES (1002,1007,1,NULL,NULL);
INSERT INTO CHITIETTHUOCDIEUTRI VALUES (1005,1008,10,NULL,NULL);
INSERT INTO CHITIETTHUOCDIEUTRI VALUES (1003,1002,20,NULL,NULL);
INSERT INTO CHITIETTHUOCDIEUTRI VALUES (1003,1003,20,NULL,NULL);
INSERT INTO CHITIETTHUOCDIEUTRI VALUES (1004,1001,20,NULL,NULL);
INSERT INTO CHITIETTHUOCDIEUTRI VALUES (1006,1002,20,NULL,NULL);
INSERT INTO CHITIETTHUOCDIEUTRI VALUES (1007,1007,1,NULL,NULL);
INSERT INTO CHITIETTHUOCDIEUTRI VALUES (1007,1009,9,NULL,NULL);
INSERT INTO CHITIETTHUOCDIEUTRI VALUES (1008,1002,20,NULL,NULL);
INSERT INTO CHITIETTHUOCDIEUTRI VALUES (1008,1005,30,NULL,NULL);
INSERT INTO CHITIETTHUOCDIEUTRI VALUES (1009,1002,20,NULL,NULL);
INSERT INTO CHITIETTHUOCDIEUTRI VALUES (1010,1001,30,NULL,NULL);
INSERT INTO CHITIETTHUOCDIEUTRI VALUES (1010,1006,20,NULL,NULL);

---UPDATE DONGIA CUA CHITIETTHUOCDIEUTRI
UPDATE CHITIETTHUOCDIEUTRI SET DONGIA = (SELECT DONGIA FROM THUOC WHERE MATHUOC = 1002) WHERE MATOATHUOC = 1001 AND MATHUOC = 1002;
UPDATE CHITIETTHUOCDIEUTRI SET DONGIA = (SELECT DONGIA FROM THUOC WHERE MATHUOC = 1004) WHERE MATOATHUOC = 1001 AND MATHUOC = 1004;
UPDATE CHITIETTHUOCDIEUTRI SET DONGIA = (SELECT DONGIA FROM THUOC WHERE MATHUOC = 1002) WHERE MATOATHUOC = 1002 AND MATHUOC = 1002;
UPDATE CHITIETTHUOCDIEUTRI SET DONGIA = (SELECT DONGIA FROM THUOC WHERE MATHUOC = 1007) WHERE MATOATHUOC = 1002 AND MATHUOC = 1007;
UPDATE CHITIETTHUOCDIEUTRI SET DONGIA = (SELECT DONGIA FROM THUOC WHERE MATHUOC = 1008) WHERE MATOATHUOC = 1005 AND MATHUOC = 1008;
UPDATE CHITIETTHUOCDIEUTRI SET DONGIA = (SELECT DONGIA FROM THUOC WHERE MATHUOC = 1002) WHERE MATOATHUOC = 1003 AND MATHUOC = 1002;
UPDATE CHITIETTHUOCDIEUTRI SET DONGIA = (SELECT DONGIA FROM THUOC WHERE MATHUOC = 1003) WHERE MATOATHUOC = 1003 AND MATHUOC = 1003;
UPDATE CHITIETTHUOCDIEUTRI SET DONGIA = (SELECT DONGIA FROM THUOC WHERE MATHUOC = 1001) WHERE MATOATHUOC = 1004 AND MATHUOC = 1001;
UPDATE CHITIETTHUOCDIEUTRI SET DONGIA = (SELECT DONGIA FROM THUOC WHERE MATHUOC = 1002) WHERE MATOATHUOC = 1006 AND MATHUOC = 1002;
UPDATE CHITIETTHUOCDIEUTRI SET DONGIA = (SELECT DONGIA FROM THUOC WHERE MATHUOC = 1007) WHERE MATOATHUOC = 1007 AND MATHUOC = 1007;
UPDATE CHITIETTHUOCDIEUTRI SET DONGIA = (SELECT DONGIA FROM THUOC WHERE MATHUOC = 1009) WHERE MATOATHUOC = 1007 AND MATHUOC = 1009;
UPDATE CHITIETTHUOCDIEUTRI SET DONGIA = (SELECT DONGIA FROM THUOC WHERE MATHUOC = 1002) WHERE MATOATHUOC = 1008 AND MATHUOC = 1002;
UPDATE CHITIETTHUOCDIEUTRI SET DONGIA = (SELECT DONGIA FROM THUOC WHERE MATHUOC = 1005) WHERE MATOATHUOC = 1008 AND MATHUOC = 1005;
UPDATE CHITIETTHUOCDIEUTRI SET DONGIA = (SELECT DONGIA FROM THUOC WHERE MATHUOC = 1002) WHERE MATOATHUOC = 1009 AND MATHUOC = 1002;
UPDATE CHITIETTHUOCDIEUTRI SET DONGIA = (SELECT DONGIA FROM THUOC WHERE MATHUOC = 1001) WHERE MATOATHUOC = 1010 AND MATHUOC = 1001;
UPDATE CHITIETTHUOCDIEUTRI SET DONGIA = (SELECT DONGIA FROM THUOC WHERE MATHUOC = 1006) WHERE MATOATHUOC = 1010 AND MATHUOC = 1006;

---UPDATE TONGTIEN CUA CHITIETTHUOCDIEUTRI
UPDATE CHITIETTHUOCDIEUTRI SET TONGTIEN = (SELECT SOLUONG * DONGIA FROM CHITIETTHUOCDIEUTRI WHERE MATOATHUOC = 1001 AND MATHUOC = 1002) WHERE MATOATHUOC = 1001 AND MATHUOC = 1002;
UPDATE CHITIETTHUOCDIEUTRI SET TONGTIEN = (SELECT SOLUONG * DONGIA FROM CHITIETTHUOCDIEUTRI WHERE MATOATHUOC = 1001 AND MATHUOC = 1004) WHERE MATOATHUOC = 1001 AND MATHUOC = 1004;
UPDATE CHITIETTHUOCDIEUTRI SET TONGTIEN = (SELECT SOLUONG * DONGIA FROM CHITIETTHUOCDIEUTRI WHERE MATOATHUOC = 1002 AND MATHUOC = 1002) WHERE MATOATHUOC = 1002 AND MATHUOC = 1002;
UPDATE CHITIETTHUOCDIEUTRI SET TONGTIEN = (SELECT SOLUONG * DONGIA FROM CHITIETTHUOCDIEUTRI WHERE MATOATHUOC = 1002 AND MATHUOC = 1007) WHERE MATOATHUOC = 1002 AND MATHUOC = 1007;
UPDATE CHITIETTHUOCDIEUTRI SET TONGTIEN = (SELECT SOLUONG * DONGIA FROM CHITIETTHUOCDIEUTRI WHERE MATOATHUOC = 1005 AND MATHUOC = 1008) WHERE MATOATHUOC = 1005 AND MATHUOC = 1008;
UPDATE CHITIETTHUOCDIEUTRI SET TONGTIEN = (SELECT SOLUONG * DONGIA FROM CHITIETTHUOCDIEUTRI WHERE MATOATHUOC = 1003 AND MATHUOC = 1002) WHERE MATOATHUOC = 1003 AND MATHUOC = 1002;
UPDATE CHITIETTHUOCDIEUTRI SET TONGTIEN = (SELECT SOLUONG * DONGIA FROM CHITIETTHUOCDIEUTRI WHERE MATOATHUOC = 1003 AND MATHUOC = 1003) WHERE MATOATHUOC = 1003 AND MATHUOC = 1003;
UPDATE CHITIETTHUOCDIEUTRI SET TONGTIEN = (SELECT SOLUONG * DONGIA FROM CHITIETTHUOCDIEUTRI WHERE MATOATHUOC = 1004 AND MATHUOC = 1001) WHERE MATOATHUOC = 1004 AND MATHUOC = 1001;
UPDATE CHITIETTHUOCDIEUTRI SET TONGTIEN = (SELECT SOLUONG * DONGIA FROM CHITIETTHUOCDIEUTRI WHERE MATOATHUOC = 1006 AND MATHUOC = 1002) WHERE MATOATHUOC = 1006 AND MATHUOC = 1002;
UPDATE CHITIETTHUOCDIEUTRI SET TONGTIEN = (SELECT SOLUONG * DONGIA FROM CHITIETTHUOCDIEUTRI WHERE MATOATHUOC = 1007 AND MATHUOC = 1007) WHERE MATOATHUOC = 1007 AND MATHUOC = 1007;
UPDATE CHITIETTHUOCDIEUTRI SET TONGTIEN = (SELECT SOLUONG * DONGIA FROM CHITIETTHUOCDIEUTRI WHERE MATOATHUOC = 1007 AND MATHUOC = 1009) WHERE MATOATHUOC = 1007 AND MATHUOC = 1009;
UPDATE CHITIETTHUOCDIEUTRI SET TONGTIEN = (SELECT SOLUONG * DONGIA FROM CHITIETTHUOCDIEUTRI WHERE MATOATHUOC = 1008 AND MATHUOC = 1002) WHERE MATOATHUOC = 1008 AND MATHUOC = 1002;
UPDATE CHITIETTHUOCDIEUTRI SET TONGTIEN = (SELECT SOLUONG * DONGIA FROM CHITIETTHUOCDIEUTRI WHERE MATOATHUOC = 1008 AND MATHUOC = 1005) WHERE MATOATHUOC = 1008 AND MATHUOC = 1005;
UPDATE CHITIETTHUOCDIEUTRI SET TONGTIEN = (SELECT SOLUONG * DONGIA FROM CHITIETTHUOCDIEUTRI WHERE MATOATHUOC = 1009 AND MATHUOC = 1002) WHERE MATOATHUOC = 1009 AND MATHUOC = 1002;
UPDATE CHITIETTHUOCDIEUTRI SET TONGTIEN = (SELECT SOLUONG * DONGIA FROM CHITIETTHUOCDIEUTRI WHERE MATOATHUOC = 1010 AND MATHUOC = 1001) WHERE MATOATHUOC = 1010 AND MATHUOC = 1001;
UPDATE CHITIETTHUOCDIEUTRI SET TONGTIEN = (SELECT SOLUONG * DONGIA FROM CHITIETTHUOCDIEUTRI WHERE MATOATHUOC = 1010 AND MATHUOC = 1006) WHERE MATOATHUOC = 1010 AND MATHUOC = 1006;

---UPDATE TONGTIEN CUA TOATHUOC
UPDATE TOATHUOC SET TONGTIEN = (SELECT SUM (CT.TONGTIEN) FROM CHITIETTHUOCDIEUTRI CT WHERE MATOATHUOC = 1001) WHERE MATOATHUOC = 1001;
UPDATE TOATHUOC SET TONGTIEN = (SELECT SUM (CT.TONGTIEN) FROM CHITIETTHUOCDIEUTRI CT WHERE MATOATHUOC = 1002) WHERE MATOATHUOC = 1002;
UPDATE TOATHUOC SET TONGTIEN = (SELECT SUM (CT.TONGTIEN) FROM CHITIETTHUOCDIEUTRI CT WHERE MATOATHUOC = 1003) WHERE MATOATHUOC = 1003;
UPDATE TOATHUOC SET TONGTIEN = (SELECT SUM (CT.TONGTIEN) FROM CHITIETTHUOCDIEUTRI CT WHERE MATOATHUOC = 1004) WHERE MATOATHUOC = 1004;
UPDATE TOATHUOC SET TONGTIEN = (SELECT SUM (CT.TONGTIEN) FROM CHITIETTHUOCDIEUTRI CT WHERE MATOATHUOC = 1005) WHERE MATOATHUOC = 1005;
UPDATE TOATHUOC SET TONGTIEN = (SELECT SUM (CT.TONGTIEN) FROM CHITIETTHUOCDIEUTRI CT WHERE MATOATHUOC = 1006) WHERE MATOATHUOC = 1006;
UPDATE TOATHUOC SET TONGTIEN = (SELECT SUM (CT.TONGTIEN) FROM CHITIETTHUOCDIEUTRI CT WHERE MATOATHUOC = 1007) WHERE MATOATHUOC = 1007;
UPDATE TOATHUOC SET TONGTIEN = (SELECT SUM (CT.TONGTIEN) FROM CHITIETTHUOCDIEUTRI CT WHERE MATOATHUOC = 1008) WHERE MATOATHUOC = 1008;
UPDATE TOATHUOC SET TONGTIEN = (SELECT SUM (CT.TONGTIEN) FROM CHITIETTHUOCDIEUTRI CT WHERE MATOATHUOC = 1009) WHERE MATOATHUOC = 1009;
UPDATE TOATHUOC SET TONGTIEN = (SELECT SUM (CT.TONGTIEN) FROM CHITIETTHUOCDIEUTRI CT WHERE MATOATHUOC = 1010) WHERE MATOATHUOC = 1010;

---UPDATE TONGTIEN CUA USER_NV
INSERT INTO USER_NV VALUES(1000, '1234','giamdoc');
INSERT INTO USER_NV VALUES(1001, '1234','bacsi');
INSERT INTO USER_NV VALUES(1002, '1234','bacsi');
INSERT INTO USER_NV VALUES(1003, '1234','bacsi');
INSERT INTO USER_NV VALUES(1004, '1234','bacsi');
INSERT INTO USER_NV VALUES(1005, '1234','bacsi');
INSERT INTO USER_NV VALUES(1006, '1234','bacsi');
INSERT INTO USER_NV VALUES(1007, '1234','quanlytainguyennhansu');
INSERT INTO USER_NV VALUES(1008, '1234','quanlytaivu');
INSERT INTO USER_NV VALUES(1009, '1234','quanlychuyenmon');
INSERT INTO USER_NV VALUES(1010, '1234','bacsi');
INSERT INTO USER_NV VALUES(1011, '1234','ketoan');
INSERT INTO USER_NV VALUES(1012, '1234','nhanvientaivu');
INSERT INTO USER_NV VALUES(1013, '1234','tieptan');
INSERT INTO USER_NV VALUES(1014, '1234','tieptan');
INSERT INTO USER_NV VALUES(1015, '1234','quanlytaivu');
INSERT INTO USER_NV VALUES(1016, '1234','nhanvienbanthuoc');
INSERT INTO USER_NV VALUES(1017, '1234','ketoan');
INSERT INTO USER_NV VALUES(1018, '1234','quanlychuyenmon');
INSERT INTO USER_NV VALUES(1019, '1234','nhanvienbanthuoc');
INSERT INTO USER_NV VALUES(1020, '1234','nhanvientaivu');
INSERT INTO USER_NV VALUES (1021,'1234','quanlytainguyenhansu');
INSERT INTO USER_NV VALUES (1022,'1234','tieptan');
INSERT INTO USER_NV VALUES (1023,'1234','tieptan');
INSERT INTO USER_NV VALUES (1024,'1234','quanlytaivu');
INSERT INTO USER_NV VALUES (1025,'1234','quanlytaivu');
INSERT INTO USER_NV VALUES (1026,'1234','nhanvientaivu');
INSERT INTO USER_NV VALUES (1027,'1234','nhanvientaivu');
INSERT INTO USER_NV VALUES (1028,'1234','nhanvienbanthuoc');
INSERT INTO USER_NV VALUES (1029,'1234','nhanvienbanthuoc');
INSERT INTO USER_NV VALUES (1030,'1234','ketoan');
INSERT INTO USER_NV VALUES (1031,'1234','ketoan');
